{
  "type": "FeatureCollection",
  "features": [
    {
      "type": "Feature",
      "properties": {
        "name": "Andhra Pradesh",
        "cases_2025": 10059,
        "deaths_2025": 23
      },
      "geometry": {
        "type": "Point",
        "coordinates": [
          79.74,
          15.9129
        ]
      }
    },
    {
      "type": "Feature",
      "properties": {
        "name": "Arunachal Pradesh",
        "cases_2025": 2835,
        "deaths_2025": 11
      },
      "geometry": {
        "type": "Point",
        "coordinates": [
          94.7278,
          28.218
        ]
      }
    },
    {
      "type": "Feature",
      "properties": {
        "name": "Assam",
        "cases_2025": 5133,
        "deaths_2025": 13
      },
      "geometry": {
        "type": "Point",
        "coordinates": [
          92.9376,
          26.2006
        ]
      }
    },
    {
      "type": "Feature",
      "properties": {
        "name": "Bihar",
        "cases_2025": 21841,
        "deaths_2025": 90
      },
      "geometry": {
        "type": "Point",
        "coordinates": [
          85.3131,
          25.0961
        ]
      }
    },
    {
      "type": "Feature",
      "properties": {
        "name": "Chhattisgarh",
        "cases_2025": 6120,
        "deaths_2025": 33
      },
      "geometry": {
        "type": "Point",
        "coordinates": [
          81.8282,
          21.2951
        ]
      }
    },
    {
      "type": "Feature",
      "properties": {
        "name": "Goa",
        "cases_2025": 1226,
        "deaths_2025": 7
      },
      "geometry": {
        "type": "Point",
        "coordinates": [
          74.124,
          15.2993
        ]
      }
    },
    {
      "type": "Feature",
      "properties": {
        "name": "Gujarat",
        "cases_2025": 10280,
        "deaths_2025": 29
      },
      "geometry": {
        "type": "Point",
        "coordinates": [
          71.1924,
          22.2587
        ]
      }
    },
    {
      "type": "Feature",
      "properties": {
        "name": "Haryana",
        "cases_2025": 4121,
        "deaths_2025": 14
      },
      "geometry": {
        "type": "Point",
        "coordinates": [
          76.0856,
          29.0588
        ]
      }
    },
    {
      "type": "Feature",
      "properties": {
        "name": "Himachal Pradesh",
        "cases_2025": 2857,
        "deaths_2025": 10
      },
      "geometry": {
        "type": "Point",
        "coordinates": [
          77.1734,
          31.1048
        ]
      }
    },
    {
      "type": "Feature",
      "properties": {
        "name": "Jharkhand",
        "cases_2025": 5949,
        "deaths_2025": 21
      },
      "geometry": {
        "type": "Point",
        "coordinates": [
          85.2799,
          23.6102
        ]
      }
    },
    {
      "type": "Feature",
      "properties": {
        "name": "Karnataka",
        "cases_2025": 12529,
        "deaths_2025": 30
      },
      "geometry": {
        "type": "Point",
        "coordinates": [
          75.7139,
          15.3173
        ]
      }
    },
    {
      "type": "Feature",
      "properties": {
        "name": "Kerala",
        "cases_2025": 18063,
        "deaths_2025": 106
      },
      "geometry": {
        "type": "Point",
        "coordinates": [
          76.2711,
          10.8505
        ]
      }
    },
    {
      "type": "Feature",
      "properties": {
        "name": "Madhya Pradesh",
        "cases_2025": 14485,
        "deaths_2025": 60
      },
      "geometry": {
        "type": "Point",
        "coordinates": [
          78.6569,
          22.9734
        ]
      }
    },
    {
      "type": "Feature",
      "properties": {
        "name": "Maharashtra",
        "cases_2025": 8603,
        "deaths_2025": 47
      },
      "geometry": {
        "type": "Point",
        "coordinates": [
          75.7139,
          19.7515
        ]
      }
    },
    {
      "type": "Feature",
      "properties": {
        "name": "Manipur",
        "cases_2025": 1062,
        "deaths_2025": 2
      },
      "geometry": {
        "type": "Point",
        "coordinates": [
          93.9063,
          24.6637
        ]
      }
    },
    {
      "type": "Feature",
      "properties": {
        "name": "Meghalaya",
        "cases_2025": 3587,
        "deaths_2025": 13
      },
      "geometry": {
        "type": "Point",
        "coordinates": [
          91.3662,
          25.467
        ]
      }
    },
    {
      "type": "Feature",
      "properties": {
        "name": "Mizoram",
        "cases_2025": 1499,
        "deaths_2025": 4
      },
      "geometry": {
        "type": "Point",
        "coordinates": [
          92.9376,
          23.1645
        ]
      }
    },
    {
      "type": "Feature",
      "properties": {
        "name": "Nagaland",
        "cases_2025": 836,
        "deaths_2025": 4
      },
      "geometry": {
        "type": "Point",
        "coordinates": [
          94.5624,
          26.1584
        ]
      }
    },
    {
      "type": "Feature",
      "properties": {
        "name": "Odisha",
        "cases_2025": 9068,
        "deaths_2025": 33
      },
      "geometry": {
        "type": "Point",
        "coordinates": [
          85.0985,
          20.9517
        ]
      }
    },
    {
      "type": "Feature",
      "properties": {
        "name": "Punjab",
        "cases_2025": 9541,
        "deaths_2025": 26
      },
      "geometry": {
        "type": "Point",
        "coordinates": [
          75.3412,
          31.1471
        ]
      }
    },
    {
      "type": "Feature",
      "properties": {
        "name": "Rajasthan",
        "cases_2025": 9277,
        "deaths_2025": 22
      },
      "geometry": {
        "type": "Point",
        "coordinates": [
          74.2179,
          27.0238
        ]
      }
    },
    {
      "type": "Feature",
      "properties": {
        "name": "Sikkim",
        "cases_2025": 2916,
        "deaths_2025": 10
      },
      "geometry": {
        "type": "Point",
        "coordinates": [
          88.5122,
          27.533
        ]
      }
    },
    {
      "type": "Feature",
      "properties": {
        "name": "Tamil Nadu",
        "cases_2025": 20711,
        "deaths_2025": 89
      },
      "geometry": {
        "type": "Point",
        "coordinates": [
          78.6569,
          11.1271
        ]
      }
    },
    {
      "type": "Feature",
      "properties": {
        "name": "Telangana",
        "cases_2025": 9149,
        "deaths_2025": 21
      },
      "geometry": {
        "type": "Point",
        "coordinates": [
          79.0193,
          18.1124
        ]
      }
    },
    {
      "type": "Feature",
      "properties": {
        "name": "Tripura",
        "cases_2025": 1494,
        "deaths_2025": 6
      },
      "geometry": {
        "type": "Point",
        "coordinates": [
          91.9882,
          23.9408
        ]
      }
    },
    {
      "type": "Feature",
      "properties": {
        "name": "Uttar Pradesh",
        "cases_2025": 13393,
        "deaths_2025": 33
      },
      "geometry": {
        "type": "Point",
        "coordinates": [
          80.9462,
          26.8467
        ]
      }
    },
    {
      "type": "Feature",
      "properties": {
        "name": "Uttarakhand",
        "cases_2025": 1860,
        "deaths_2025": 7
      },
      "geometry": {
        "type": "Point",
        "coordinates": [
          79.0193,
          30.0668
        ]
      }
    },
    {
      "type": "Feature",
      "properties": {
        "name": "West Bengal",
        "cases_2025": 16055,
        "deaths_2025": 32
      },
      "geometry": {
        "type": "Point",
        "coordinates": [
          87.854,
          22.9868
        ]
      }
    },
    {
      "type": "Feature",
      "properties": {
        "name": "Andaman and Nicobar",
        "cases_2025": 2950,
        "deaths_2025": 9
      },
      "geometry": {
        "type": "Point",
        "coordinates": [
          92.6586,
          11.7401
        ]
      }
    },
    {
      "type": "Feature",
      "properties": {
        "name": "Chandigarh",
        "cases_2025": 2932,
        "deaths_2025": 6
      },
      "geometry": {
        "type": "Point",
        "coordinates": [
          76.7794,
          30.7333
        ]
      }
    },
    {
      "type": "Feature",
      "properties": {
        "name": "Dadra and Nagar Haveli and Daman and Diu",
        "cases_2025": 2575,
        "deaths_2025": 10
      },
      "geometry": {
        "type": "Point",
        "coordinates": [
          72.8397,
          20.4283
        ]
      }
    },
    {
      "type": "Feature",
      "properties": {
        "name": "Lakshadweep",
        "cases_2025": 2516,
        "deaths_2025": 10
      },
      "geometry": {
        "type": "Point",
        "coordinates": [
          72.7794,
          10.328
        ]
      }
    },
    {
      "type": "Feature",
      "properties": {
        "name": "Delhi",
        "cases_2025": 13051,
        "deaths_2025": 44
      },
      "geometry": {
        "type": "Point",
        "coordinates": [
          77.1025,
          28.7041
        ]
      }
    },
    {
      "type": "Feature",
      "properties": {
        "name": "Jammu and Kashmir",
        "cases_2025": 2703,
        "deaths_2025": 7
      },
      "geometry": {
        "type": "Point",
        "coordinates": [
          76.5762,
          33.7782
        ]
      }
    },
    {
      "type": "Feature",
      "properties": {
        "name": "Ladakh",
        "cases_2025": 1994,
        "deaths_2025": 5
      },
      "geometry": {
        "type": "Point",
        "coordinates": [
          77.5619,
          34.226
        ]
      }
    },
    {
      "type": "Feature",
      "properties": {
        "name": "Puducherry",
        "cases_2025": 2550,
        "deaths_2025": 13
      },
      "geometry": {
        "type": "Point",
        "coordinates": [
          79.8083,
          11.9416
        ]
      }
    }
  ]
}